"species","continent","country","adm1","adm2","locality","lat","lon","coordUncertaintyM","alt","institution","collection","catalogNumber","basisOfRecord","collector","earliestDateCollected","latestDateCollected","gbifNotes","downloadDate","maxElevationM","minElevationM","maxDepthM","minDepthM","ISO2","cloc","CollectionYear","CollectionMonth","CollectionDay"
"Rhamnus frangula L.","North America","Canada","Ontario","Northumberland Co.","Port Hope, W of harbour, near Lake Ontario shore",43.94179,-78.300964,NA,NA,"Royal Ontario Museum","TRT","262617","specimen","Oldham, M.J.","2008-08-07","2008-08-07","Data from GBIF data index - original values.",2013-05-24,NA,NA,NA,NA,"CA","Port Hope, W of harbour, near Lake Ontario shore, Ontario, Northumberland Co., Canada, North America","2008","08","07"
"Rhamnus frangula Linnaeus","North America","Canada","Québec","Les Laurentides","Sainte-Agathe-des-Monts",46.041668,-74.272224,NA,379,"Université de Montréal Biodiversity Centre","MT","MT00018180","specimen","Villeneuve, Patrick; Chabot, N.","2002-09-14","2002-09-14","Data from GBIF data index - original values.",2013-05-24,NA,"379",NA,NA,"CA","Sainte-Agathe-des-Monts, Québec, Les Laurentides, Canada, North America","2002","09","14"
"Rhamnus frangula Linnaeus","North America","Canada","Québec","Lajemmerais","Varennes, archipel de Varennes et de Repentigny, île Sainte-Thérèse",45.7,-73.46667,NA,NA,"Université de Montréal Biodiversity Centre","MT","MT00039161","specimen","Claude, Ginette; Houle, Gilles","1978-06-06","1978-06-06","Data from GBIF data index - original values.",2013-05-24,NA,NA,NA,NA,"CA","Varennes, archipel de Varennes et de Repentigny, île Sainte-Thérèse, Québec, Lajemmerais, Canada, North America","1978","06","06"
"Rhamnus frangula Linnaeus","North America","Canada","Québec",NA,"Pointe-des-Cascades, déversoir du barrage des Cascades, côté ouest",45.33139,-73.949165,NA,NA,"Université de Montréal Biodiversity Centre","MT","MT00110063","specimen","Pageau, Gérard","1968-07-30","1968-07-30","Data from GBIF data index - original values.",2013-05-24,NA,NA,NA,NA,"CA","Pointe-des-Cascades, déversoir du barrage des Cascades, côté ouest, Québec, Canada, North America","1968","07","30"
"Rhamnus frangula Linnaeus","North America","Canada","Québec",NA,"Rivière des Prairies, site 8.",45.4,-73.96667,NA,NA,"Université de Montréal Biodiversity Centre","MT","MT00110067","specimen","Lagacé, Michel; Faucher, Denis","1975-10-28","1975-10-28","Data from GBIF data index - original values.",2013-05-24,NA,NA,NA,NA,"CA","Rivière des Prairies, site 8., Québec, Canada, North America","1975","10","28"
"Rhamnus frangula Linnaeus","North America","Canada","Québec","Ville de Gatineau","Canton de Hull",45.432,-75.749,NA,NA,"Université de Montréal Biodiversity Centre","MT","MT00172299","specimen","Claude, Ginette","1995-09-01","1995-09-01","Data from GBIF data index - original values.",2013-05-24,NA,NA,NA,NA,"CA","Canton de Hull, Québec, Ville de Gatineau, Canada, North America","1995","09","01"
"Rhamnus frangula Linnaeus","North America","Canada","Québec",NA,"Montréal, Mont Royal, cimetière",45.5,-73.6,NA,NA,"Université de Montréal Biodiversity Centre","MT","MT00068265","specimen","Cléonique-Joseph, Fr.","1937-09-03","1937-09-03","Data from GBIF data index - original values.",2013-05-24,NA,NA,NA,NA,"CA","Montréal, Mont Royal, cimetière, Québec, Canada, North America","1937","09","03"
"Rhamnus frangula Linnaeus","North America","Canada","Québec","Ville de Sherbrooke","Prolongement autoroute 410.  Canton d'Ascot.",45.373333,-71.950554,NA,NA,"Université de Montréal Biodiversity Centre","MT","MT00020428","specimen","Claude, Ginette","1998-08-05","1998-08-05","Data from GBIF data index - original values.",2013-05-24,NA,NA,NA,NA,"CA","Prolongement autoroute 410.  Canton d'Ascot., Québec, Ville de Sherbrooke, Canada, North America","1998","08","05"
"Rhamnus frangula Linnaeus","North America","Canada","Québec",NA,"Ile aux Vaches, en face de Sainte-Anne-de-Bellevue, sous le pont de la voie ferrée PC",45.40167,-73.958885,NA,NA,"Université de Montréal Biodiversity Centre","MT","MT00110060","specimen","Pageau, Gérard; Lévesque, Lucien, Fr.; Legendre, Pierre; Desnoyers, R.","1967-07-11","1967-07-11","Data from GBIF data index - original values.",2013-05-24,NA,NA,NA,NA,"CA","Ile aux Vaches, en face de Sainte-Anne-de-Bellevue, sous le pont de la voie ferrée PC, Québec, Canada, North America","1967","07","11"
"Rhamnus frangula Linnaeus","North America","Canada","Québec","Ville de Gatineau","Canton de Hull",45.433,-75.749,NA,NA,"Université de Montréal Biodiversity Centre","MT","MT00172304","specimen","Claude, Ginette","1995-09-01","1995-09-01","Data from GBIF data index - original values.",2013-05-24,NA,NA,NA,NA,"CA","Canton de Hull, Québec, Ville de Gatineau, Canada, North America","1995","09","01"
"Rhamnus frangula Linnaeus","North America","Canada","Québec","Ville de Gatineau","Marais de Touraine, boulevard de La Vérendrye entre l'Autoroute 50 et le Pont Alonzo Wright, Gatineau",45.493057,-75.736115,NA,NA,"Université de Montréal Biodiversity Centre","MT","MT00011583","specimen","Claude, Ginette","1997-08-05","1997-08-05","Data from GBIF data index - original values.",2013-05-24,NA,NA,NA,NA,"CA","Marais de Touraine, boulevard de La Vérendrye entre l'Autoroute 50 et le Pont Alonzo Wright, Gatineau, Québec, Ville de Gatineau, Canada, North America","1997","08","05"
"Rhamnus frangula Linnaeus","North America","Canada","Québec",NA,"Rivière des Prairies, site 9. Petite île allongée juste au nord du ruisseau Brucy.",45.4,-73.95,NA,NA,"Université de Montréal Biodiversity Centre","MT","MT00110066","specimen","Pageau, Gérard; Lagacé, Michel; Faucher, Denis","1975-10-16","1975-10-16","Data from GBIF data index - original values.",2013-05-24,NA,NA,NA,NA,"CA","Rivière des Prairies, site 9. Petite île allongée juste au nord du ruisseau Brucy., Québec, Canada, North America","1975","10","16"
"Rhamnus frangula Linnaeus","North America","Canada","Québec","Ville de Gatineau","Marais de Touraine, boulevard de La Vérendrye",45.49889,-75.742775,NA,NA,"Université de Montréal Biodiversity Centre","MT","MT00020727","specimen","Claude, Ginette","2000-08-22","2000-08-22","Data from GBIF data index - original values.",2013-05-24,NA,NA,NA,NA,"CA","Marais de Touraine, boulevard de La Vérendrye, Québec, Ville de Gatineau, Canada, North America","2000","08","22"
"Rhamnus frangula Linnaeus","North America","Canada","Québec",NA,"Ile aux Vaches, en face de Sainte-Anne-de-Bellevue",45.398613,-73.95917,NA,NA,"Université de Montréal Biodiversity Centre","MT","MT00110061","specimen","Pageau, Gérard; Lévesque, Lucien, Fr.; Legendre, Pierre; Desnoyers, R.","1967-08-09","1967-08-09","Data from GBIF data index - original values.",2013-05-24,NA,NA,NA,NA,"CA","Ile aux Vaches, en face de Sainte-Anne-de-Bellevue, Québec, Canada, North America","1967","08","09"
"Rhamnus frangula Linnaeus","North America","Canada","Québec",NA,"Rivière des Prairies, tronçon 14. Ile aux Pins, côté Sud (vers l'Est)",45.383335,-74,NA,NA,"Université de Montréal Biodiversity Centre","MT","MT00110065","specimen","Pageau, Gérard; Lagacé, Michel; Faucher, Denis","1975-10-14","1975-10-14","Data from GBIF data index - original values.",2013-05-24,NA,NA,NA,NA,"CA","Rivière des Prairies, tronçon 14. Ile aux Pins, côté Sud (vers l'Est), Québec, Canada, North America","1975","10","14"
"Rhamnus frangula Linnaeus","North America","Canada","Québec","Ville de Gatineau","Parc de la Gatineau",45.432777,-75.757774,NA,NA,"Université de Montréal Biodiversity Centre","MT","MT00020389","specimen","Claude, Ginette","1999-08-10","1999-08-10","Data from GBIF data index - original values.",2013-05-24,NA,NA,NA,NA,"CA","Parc de la Gatineau, Québec, Ville de Gatineau, Canada, North America","1999","08","10"
"Rhamnus frangula Linnaeus","North America","Canada","Québec",NA,"Dorion, 600 m au SSW de l'extrémité de la pointe Foster",45.36778,-74.00861,NA,NA,"Université de Montréal Biodiversity Centre","MT","MT00110062","specimen","Pageau, Gérard","1968-07-17","1968-07-17","Data from GBIF data index - original values.",2013-05-24,NA,NA,NA,NA,"CA","Dorion, 600 m au SSW de l'extrémité de la pointe Foster, Québec, Canada, North America","1968","07","17"
"Rhamnus frangula Linnaeus","North America","Canada","Québec",NA,"Ile Perrot, baie de la Sucrerie (accès par chemin de la cabane à sucre de M. Albert Lalonde",45.390835,-73.91583,NA,NA,"Université de Montréal Biodiversity Centre","MT","MT00110064","specimen","Pageau, Gérard","1968-08-06","1968-08-06","Data from GBIF data index - original values.",2013-05-24,NA,NA,NA,NA,"CA","Ile Perrot, baie de la Sucrerie (accès par chemin de la cabane à sucre de M. Albert Lalonde, Québec, Canada, North America","1968","08","06"
"Rhamnus frangula Linnaeus","North America","Canada","Québec",NA,"Mont Royal, Montréal",45.5,-73.6,NA,NA,"Université de Montréal Biodiversity Centre","MT","MT00068267","specimen","Cléonique-Joseph, Fr.","1941-08-28","1941-08-28","Data from GBIF data index - original values.",2013-05-24,NA,NA,NA,NA,"CA","Mont Royal, Montréal, Québec, Canada, North America","1941","08","28"
"Rhamnus frangula Linnaeus","North America","Canada","Québec",NA,"Mont Royal, Montréal",45.5,-73.6,NA,NA,"Université de Montréal Biodiversity Centre","MT","MT00068266","specimen","Cléonique-Joseph, Fr.","1938-06-07","1938-06-07","Data from GBIF data index - original values.",2013-05-24,NA,NA,NA,NA,"CA","Mont Royal, Montréal, Québec, Canada, North America","1938","06","07"
"Rhamnus frangula Linnaeus","North America","Canada","Québec",NA,"Montréal, Lasalle, parc Angrignon.",45.441666,-73.60833,NA,NA,"Université de Montréal Biodiversity Centre","MT","MT00024020","specimen","Jetté, Anne","2006-09-17","2006-09-17","Data from GBIF data index - original values.",2013-05-24,NA,NA,NA,NA,"CA","Montréal, Lasalle, parc Angrignon., Québec, Canada, North America","2006","09","17"
"Rhamnus frangula Linnaeus","North America","Canada","Québec","Ville de Gatineau","Marais de Touraine, boulevard de La Vérendrye entre l'Autoroute 50 et le Pont Alonzo Wright, Gatineau",45.493057,-75.736115,NA,NA,"Université de Montréal Biodiversity Centre","MT","MT00011587","specimen","Claude, Ginette","1997-08-05","1997-08-05","Data from GBIF data index - original values.",2013-05-24,NA,NA,NA,NA,"CA","Marais de Touraine, boulevard de La Vérendrye entre l'Autoroute 50 et le Pont Alonzo Wright, Gatineau, Québec, Ville de Gatineau, Canada, North America","1997","08","05"
"Rhamnus frangula","North America","United States","Connecticut","Fairfield  County","shrub wetland called ""'great swamp""'",41.3061,-73.5019,NA,NA,"YPM","BOT","YPM CBS 022700","specimen","L. J. Mehrhoff","1989-07-10","1989-07-10","Data from GBIF data index - original values.",2013-05-24,NA,NA,NA,NA,"US","shrub wetland called 'great swamp', Connecticut, Fairfield  County, United States, North America","1989","07","10"
"Rhamnus frangula","North America","United States","Connecticut","Fairfield County","Redding",41.305,-73.3914,NA,NA,"YPM","BOT","YPM CBS 025879","specimen","E. H. Eames","1928-07-27","1928-07-27","Data from GBIF data index - original values.",2013-05-24,NA,NA,NA,NA,"US","Redding, Connecticut, Fairfield County, United States, North America","1928","07","27"
"Rhamnus frangula","North America","United States","Connecticut","Fairfield County","Greenwich",41.0692,-73.6387,NA,NA,"YPM","BOT","YPM CBS 022703","specimen","L. J. Bradley","1947-06-18","1947-06-18","Data from GBIF data index - original values.",2013-05-24,NA,NA,NA,NA,"US","Greenwich, Connecticut, Fairfield County, United States, North America","1947","06","18"
"Rhamnus frangula","North America","United States","Connecticut","Fairfield County","Greenwich",41.0692,-73.6387,NA,NA,"YPM","BOT","YPM CBS 022702","specimen","E. Worthly","1947-06-18","1947-06-18","Data from GBIF data index - original values.",2013-05-24,NA,NA,NA,NA,"US","Greenwich, Connecticut, Fairfield County, United States, North America","1947","06","18"
"Rhamnus frangula","North America","United States","Connecticut","New London  County","west side of Route 395, just south of Route 82, Large cemetery, sandy soil",41.5494,-72.0883,NA,NA,"YPM","BOT","YPM CBS 022701","specimen","G. C. Tucker","1989-05-05","1989-05-05","Data from GBIF data index - original values.",2013-05-24,NA,NA,NA,NA,"US","west side of Route 395, just south of Route 82, Large cemetery, sandy soil, Connecticut, New London  County, United States, North America","1989","05","05"
"Rhamnus frangula L.","North America","United States","New York","Putnam Co.","Town of Southeast, Doansburg Preserve, ENE of Mill Farm Lane and WSW of Gage Road, 0.2 mi SE of Doansburg Road",41.449,-73.552,NA,135,"NY","Herbarium","666422","specimen","W. R. Buck","2002-06-30","2002-06-30","Data from GBIF data index - original values.",2013-05-24,"135","135",NA,NA,"US","Town of Southeast, Doansburg Preserve, ENE of Mill Farm Lane and WSW of Gage Road, 0.2 mi SE of Doansburg Road, New York, Putnam Co., United States, North America","2002","06","30"
"Rhamnus frangula L.","North America","United States","Missouri","Saint Louis City","Missouri Botanical Garden. Cultivated plants on grounds.",38.6,-90.25,NA,160,"MO","Tropicos","175147","specimen","Mary Merello & C. Dietrich","1994-05-11","1994-05-11","Data from GBIF data index - original values.",2013-05-24,NA,"160",NA,NA,"US","Missouri Botanical Garden. Cultivated plants on grounds., Missouri, Saint Louis City, United States, North America","1994","05","11"
"Rhamnus frangula L. var. heterophylla Mouillef.",NA,"United States","Connecticut","Tolland County","University of Connecticut",41.80916,-72.25361,"5000",NA,"UConn","CONN","CONN00154802","specimen","Francis H. Wolfe","1969-05-19","1969-05-19","Data from GBIF data index - original values.",2013-05-24,NA,NA,NA,NA,"US","University of Connecticut, Connecticut, Tolland County, United States","1969","05","19"
"Rhamnus frangula","North America","United States","District of Columbia",NA,"Department of Agriculture grounds",38.88917,-77.03056,NA,NA,"US","Botany","479364","specimen","G. Sudworth","1891-05-14","1891-05-14","Data from GBIF data index - original values.",2013-05-24,NA,NA,NA,NA,"US","Department of Agriculture grounds, District of Columbia, United States, North America","1891","05","14"
"Rhamnus frangula","North America","United States","District of Columbia",NA,"Department of Agriculture grounds",38.88917,-77.03056,NA,NA,"US","Botany","478223","specimen","G. Sudworth","1891-05-14","1891-05-14","Data from GBIF data index - original values.",2013-05-24,NA,NA,NA,NA,"US","Department of Agriculture grounds, District of Columbia, United States, North America","1891","05","14"
"Rhamnus frangula",NA,"United States","Maryland","Baltimore","Pikesville vicinity",39.37417,-76.72278,NA,NA,"US","Botany","2345153","specimen","B. Barton","1903-05-20","1903-05-20","Data from GBIF data index - original values.",2013-05-24,NA,NA,NA,NA,"US","Pikesville vicinity, Maryland, Baltimore, United States","1903","05","20"
"Rhamnus frangula","North America","United States","District of Columbia",NA,"Department of Agriculture grounds",38.88917,-77.03056,NA,NA,"US","Botany","478224","specimen","G. Sudworth","1891-05-14","1891-05-14","Data from GBIF data index - original values.",2013-05-24,NA,NA,NA,NA,"US","Department of Agriculture grounds, District of Columbia, United States, North America","1891","05","14"
"Rhamnus frangula L.","North America","United States","Illinois","Cook",NA,41.8333,-87.85,NA,NA,"F","Botany","300299","specimen","E. E. Sherff","1912-06-08","1912-06-08","Data from GBIF data index - original values.",2013-05-24,NA,NA,NA,NA,"US","Illinois, Cook, United States, North America","1912","06","08"
"Rhamnus frangula L.","North America","United States","Illinois","DuPage",NA,41.8333,-88.0833,NA,NA,"F","Botany","1440747","specimen","J. W. Thieret","1955-06-17","1955-06-17","Data from GBIF data index - original values.",2013-05-24,NA,NA,NA,NA,"US","Illinois, DuPage, United States, North America","1955","06","17"
"Rhamnus frangula L.","North America","United States","Illinois","Cook",NA,41.8333,-87.85,NA,NA,"F","Botany","1496572","specimen","F. A. Swink","1953-05-23","1953-05-23","Data from GBIF data index - original values.",2013-05-24,NA,NA,NA,NA,"US","Illinois, Cook, United States, North America","1953","05","23"
"Rhamnus frangula L.","North America","United States","Illinois","Cook",NA,41.8333,-87.85,NA,NA,"F","Botany","2265596","specimen","S. F. Glassman","1957-07-18","1957-07-18","Data from GBIF data index - original values.",2013-05-24,NA,NA,NA,NA,"US","Illinois, Cook, United States, North America","1957","07","18"
"Rhamnus frangula L.","North America","United States","Illinois","Lake",NA,41.95,-88.4333,NA,NA,"F","Botany","2265595","specimen","S. F. Glassman","1967-07-29","1967-07-29","Data from GBIF data index - original values.",2013-05-24,NA,NA,NA,NA,"US","Illinois, Lake, United States, North America","1967","07","29"
"Rhamnus frangula L.","North America","United States","Illinois","Lake",NA,41.95,-88.4333,NA,NA,"F","Botany","1362055","specimen","J. A. Steyermark","1947-10-14","1947-10-14","Data from GBIF data index - original values.",2013-05-24,NA,NA,NA,NA,"US","Illinois, Lake, United States, North America","1947","10","14"
"Rhamnus frangula L.","North America","United States","Illinois","Lake",NA,41.95,-88.4333,NA,NA,"F","Botany","2265616","specimen","R. A. Evers","1958-06-18","1958-06-18","Data from GBIF data index - original values.",2013-05-24,NA,NA,NA,NA,"US","Illinois, Lake, United States, North America","1958","06","18"
"Rhamnus frangula L.","North America","United States","Illinois","DuPage",NA,41.8333,-88.0833,NA,NA,"F","Botany","1415220","specimen","F. A. Swink","1952-05-17","1952-05-17","Data from GBIF data index - original values.",2013-05-24,NA,NA,NA,NA,"US","Illinois, DuPage, United States, North America","1952","05","17"
"Rhamnus frangula L.","North America","United States","Illinois","Cook","Morton Grove",42.0333,-87.7667,NA,NA,"F","Botany","2265600","specimen","S. F. Glassman","1960-05-28","1960-05-28","Data from GBIF data index - original values.",2013-05-24,NA,NA,NA,NA,"US","Morton Grove, Illinois, Cook, United States, North America","1960","05","28"
"Rhamnus frangula L.","North America","United States","Illinois","DuPage",NA,41.8333,-88.0833,NA,NA,"F","Botany","2265602","specimen","E. M. Smith","1968-05-03","1968-05-03","Data from GBIF data index - original values.",2013-05-24,NA,NA,NA,NA,"US","Illinois, DuPage, United States, North America","1968","05","03"
"Rhamnus frangula L.","North America","United States","Illinois","Lake",NA,41.95,-88.4333,NA,NA,"F","Botany","1419101","specimen","J. A. Steyermark","1945-09-08","1945-09-08","Data from GBIF data index - original values.",2013-05-24,NA,NA,NA,NA,"US","Illinois, Lake, United States, North America","1945","09","08"
"Rhamnus frangula L.","North America","United States","Illinois","Cook",NA,41.8333,-87.85,NA,NA,"F","Botany","2265598","specimen","S. F. Glassman","1958-05-23","1958-05-23","Data from GBIF data index - original values.",2013-05-24,NA,NA,NA,NA,"US","Illinois, Cook, United States, North America","1958","05","23"
"Rhamnus frangula L.","North America","United States","Illinois","Kane",NA,41.95,-88.4333,NA,NA,"F","Botany","1415221","specimen","F. A. Swink","1952-05-24","1952-05-24","Data from GBIF data index - original values.",2013-05-24,NA,NA,NA,NA,"US","Illinois, Kane, United States, North America","1952","05","24"
"Rhamnus frangula L.","North America","United States","Illinois","Lake",NA,41.95,-88.4333,NA,NA,"F","Botany","1886911","specimen","M. Nee et al.","1980-08-31","1980-08-31","Data from GBIF data index - original values.",2013-05-24,NA,NA,NA,NA,"US","Illinois, Lake, United States, North America","1980","08","31"
"Rhamnus frangula L.","North America","United States","Illinois","Lake",NA,41.95,-88.4333,NA,NA,"F","Botany","1561328","specimen","F. A. Swink","1952-08-03","1952-08-03","Data from GBIF data index - original values.",2013-05-24,NA,NA,NA,NA,"US","Illinois, Lake, United States, North America","1952","08","03"
"Frangula alnus Mill.","North America","United States","Wisconsin","Kenosha","New Munster Bog Island WI DNR Natural Area TIN-R19E Sections 2, 3 and 10. Shrub-carr bog and northern hardwood.",42.57,-88.22,NA,251,"MO","Tropicos","2881439","specimen","G. Gust & A. Townesmith","2005-08-12","2005-08-12","Data from GBIF data index - original values.",2013-05-24,NA,"251",NA,NA,"US","New Munster Bog Island WI DNR Natural Area TIN-R19E Sections 2, 3 and 10. Shrub-carr bog and northern hardwood., Wisconsin, Kenosha, United States, North America","2005","08","12"
"Frangula alnus",NA,"United States",NA,NA,"Firestone Metro Park Akron, Ohio",41.014946,-81.51713,"950",NA,"iNaturalist","Observations","100450","observation","Pepe","2012-07-08","2012-07-08","Data from GBIF data index - original values.",2013-05-24,NA,NA,NA,NA,"US","Firestone Metro Park Akron, Ohio, United States","2012","07","08"
"Frangula alnus",NA,"United States",NA,NA,"40 Oakledge Dr, Burlington, Vermont, US",44.453808,-73.22888,"5",NA,"iNaturalist","Observations","90115","observation","Charlie Hohn","2012-06-10","2012-06-10","Data from GBIF data index - original values.",2013-05-24,NA,NA,NA,NA,"US","40 Oakledge Dr, Burlington, Vermont, US, United States","2012","06","10"
"Frangula alnus",NA,"United States",NA,NA,"camp johnson, colchester, vermont",44.512756,-73.16143,"296",NA,"iNaturalist","Observations","85966","observation","everett","2012-06-01","2012-06-01","Data from GBIF data index - original values.",2013-05-24,NA,NA,NA,NA,"US","camp johnson, colchester, vermont, United States","2012","06","01"
"Frangula alnus",NA,"United States",NA,NA,"Sagamore Hills Twp.",41.331398,-81.57021,NA,NA,"iNaturalist","Observations","116959","observation","Jim Spetz","2012-08-23","2012-08-23","Data from GBIF data index - original values.",2013-05-24,NA,NA,NA,NA,"US","Sagamore Hills Twp., United States","2012","08","23"
"Frangula alnus",NA,"Canada",NA,NA,"Parkway Rd & Yorks Corners Rd, Ottawa, Ottawa Division, Ontario K0A 1V0, Canada",45.305786,-75.45669,"984",NA,"iNaturalist","Observations","110184","observation","captain_fantastica_malone","2012-08-07","2012-08-07","Data from GBIF data index - original values.",2013-05-24,NA,NA,NA,NA,"CA","Parkway Rd & Yorks Corners Rd, Ottawa, Ottawa Division, Ontario K0A 1V0, Canada, Canada","2012","08","07"
"Frangula alnus",NA,"United States",NA,NA,"Tinkers Creek State Nature Preserve",41.27938,-81.39393,NA,NA,"iNaturalist","Observations","129969","observation","Park Visitor","2012-09-28","2012-09-28","Data from GBIF data index - original values.",2013-05-24,NA,NA,NA,NA,"US","Tinkers Creek State Nature Preserve, United States","2012","09","28"
"Frangula alnus",NA,"United States",NA,NA,"1653 Main St, Peninsula, Ohio, US",41.242947,-81.55024,"5",NA,"iNaturalist","Observations","104579","observation","Lindsey","2012-07-23","2012-07-23","Data from GBIF data index - original values.",2013-05-24,NA,NA,NA,NA,"US","1653 Main St, Peninsula, Ohio, US, United States","2012","07","23"
"Frangula alnus",NA,"United States",NA,NA,"Overlook Metro Park Akron, Ohio",41.081444,-81.519005,"13804",NA,"iNaturalist","Observations","105143","observation","Pepe","2012-07-13","2012-07-13","Data from GBIF data index - original values.",2013-05-24,NA,NA,NA,NA,"US","Overlook Metro Park Akron, Ohio, United States","2012","07","13"
"Frangula alnus",NA,"United States",NA,NA,"Kent Bog, OH",41.12599,-81.35438,"701",NA,"iNaturalist","Observations","101088","observation","Rob Curtis","2012-07-11","2012-07-11","Data from GBIF data index - original values.",2013-05-24,NA,NA,NA,NA,"US","Kent Bog, OH, United States","2012","07","11"
"Frangula alnus","North America","United States","Connecticut","New Haven","West Rock State Park.  Lake Wintergreen environs.  Marshy area on eastern shore of Lake Wintergreen",42.35753,-72.96553,NA,NA,"YPM","BOT","YPM YU 100782","specimen","P. W. Sweeney","2010-08-23","2010-08-23","Data from GBIF data index - original values.",2013-05-24,NA,NA,NA,NA,"US","West Rock State Park.  Lake Wintergreen environs.  Marshy area on eastern shore of Lake Wintergreen, Connecticut, New Haven, United States, North America","2010","08","23"
"Frangula alnus","North America","United States","Connecticut","Litchfield  County","Great Mountain Forest, Tobey Bog wooded margin of wetland",41.98,-73.1961,NA,NA,"YPM","BOT","YPM YU 055546","specimen","L. J. Mehrhoff","1990-07-30","1990-07-30","Data from GBIF data index - original values.",2013-05-24,NA,NA,NA,NA,"US","Great Mountain Forest, Tobey Bog wooded margin of wetland, Connecticut, Litchfield  County, United States, North America","1990","07","30"
"Frangula alnus","North America","United States","Connecticut","Hartford  County","roadside embankment of west bound 384 near junction with Silver Lane",41.7753,-72.5242,NA,NA,"YPM","BOT","YPM YU 055545","specimen","L. J. Mehrhoff","1989-06-30","1989-06-30","Data from GBIF data index - original values.",2013-05-24,NA,NA,NA,NA,"US","roadside embankment of west bound 384 near junction with Silver Lane, Connecticut, Hartford  County, United States, North America","1989","06","30"
"Frangula alnus Mill.",NA,"United States",NA,NA,"United States of America. New York. Putnam Co. ca 7 km W of New York/Connecticut border and ca 10 km N of Putnam/Westchester border, Ice Pond Conservation Area, E of Ice Pond Rd, W of Co. Rd 62 (Farm to Market Rd), N of Rte 312 and S of Rte 164. 41.451479N, 73.615414W (±10m), ca 134m",41.45139,-73.61528,NA,134,"W","Herbarium W","221706","unknown","Atha,D. 7595","2009-06-24","2009-06-24","Data from GBIF data index - original values.",2013-05-24,NA,"134",NA,NA,"US","United States of America. New York. Putnam Co. ca 7 km W of New York/Connecticut border and ca 10 km N of Putnam/Westchester border, Ice Pond Conservation Area, E of Ice Pond Rd, W of Co. Rd 62 (Farm to Market Rd), N of Rte 312 and S of Rte 164. 41.451479N, 73.615414W (±10m), ca 134m, United States","2009","06","24"
"Frangula alnus Mill.",NA,"United States",NA,NA,"United States of America. Pennsylvania: Tioga Co., Tioga State Forest, ca 2 km W of Arnot, N of Landrus Road. 41.665287N, 77.142159W (±50m), ca 518m elev.",41.66528,-77.14222,NA,518,"W","Herbarium W","220855","unknown","Atha,D. 8430","2009-09-16","2009-09-16","Data from GBIF data index - original values.",2013-05-24,NA,"518",NA,NA,"US","United States of America. Pennsylvania: Tioga Co., Tioga State Forest, ca 2 km W of Arnot, N of Landrus Road. 41.665287N, 77.142159W (±50m), ca 518m elev., United States","2009","09","16"
"Frangula alnus P. Mill.","North America","Canada","Prince Edward Island","Queens","Stanley Bridge",46.46361,-63.46472,NA,NA,"Acadia University","ACAD","ECS025270","specimen","Blaney, CS","2004-10-25","2004-10-25","Data from GBIF data index - original values.",2013-05-24,NA,NA,NA,NA,"CA","Stanley Bridge, Prince Edward Island, Queens, Canada, North America","2004","10","25"
"Frangula alnus P. Mill.","North America","Canada","Nova Scotia","Queens","Ponhook Lake",44.313328,-64.879654,NA,NA,"Acadia University","ACAD","ECS025024","specimen","Blaney, CS; Smith, T.","2007-09-05","2007-09-05","Data from GBIF data index - original values.",2013-05-24,NA,NA,NA,NA,"CA","Ponhook Lake, Nova Scotia, Queens, Canada, North America","2007","09","05"
"Frangula alnus P. Mill.","North America","Canada","Nova Scotia","Kings","Grand Pre",45.10371,-64.30565,NA,NA,"Acadia University","ACAD","ECS024667","specimen","Newell, RE","2007-08-10","2007-08-10","Data from GBIF data index - original values.",2013-05-24,NA,NA,NA,NA,"CA","Grand Pre, Nova Scotia, Kings, Canada, North America","2007","08","10"
"Frangula alnus P. Mill.","North America","Canada","Nova Scotia","Queens","Kempt",44.425,-65.10472,NA,NA,"Acadia University","ACAD","ECS018161","specimen","Blaney, CS","2001-07-16","2001-07-16","Data from GBIF data index - original values.",2013-05-24,NA,NA,NA,NA,"CA","Kempt, Nova Scotia, Queens, Canada, North America","2001","07","16"
"Frangula alnus P. Mill.","North America","Canada","Nova Scotia","Halifax","Dartmouth",44.67198,-63.57777,NA,NA,"Acadia University","ACAD","ECS024593","specimen","Newell, RE","2008-08-16","2008-08-16","Data from GBIF data index - original values.",2013-05-24,NA,NA,NA,NA,"CA","Dartmouth, Nova Scotia, Halifax, Canada, North America","2008","08","16"
"Frangula alnus P. Mill.","North America","Canada","Nova Scotia","Colchester","Truro",45.36468,-63.27865,NA,NA,"Acadia University","ACAD","ECS018405","specimen","Roland, AE","1940-06-21","1940-06-21","Data from GBIF data index - original values.",2013-05-24,NA,NA,NA,NA,"CA","Truro, Nova Scotia, Colchester, Canada, North America","1940","06","21"
"Frangula alnus P. Mill.","North America","Canada","Nova Scotia","Shelburne","Clyde River",43.6275,-65.48194,NA,NA,"Acadia University","ACAD","ECS024849","specimen","Blaney, CS; Boates, JS","2004-08-25","2004-08-25","Data from GBIF data index - original values.",2013-05-24,NA,NA,NA,NA,"CA","Clyde River, Nova Scotia, Shelburne, Canada, North America","2004","08","25"
"Frangula alnus P. Mill.","North America","Canada","Nova Scotia","Pictou","East Branch River John, N of bridge at E Branch River John hamlet",45,-63,NA,NA,"Acadia University","ACAD","ECS020413","specimen","Blaney, CS; Archibald, DR; Popma, TM","2003-09-07","2003-09-07","Data from GBIF data index - original values.",2013-05-24,NA,NA,NA,NA,"CA","East Branch River John, N of bridge at E Branch River John hamlet, Nova Scotia, Pictou, Canada, North America","2003","09","07"
"Frangula alnus Mill. var. alnus",NA,"Canada",NA,NA,"Ontario. Ottawa, Cyrville, Ken Steele Park.",45.541943,-75.91389,NA,NA,"BGBM","Herbarium Berolinense","B 10 0355405","specimen","H. Zetzsche & G. Dröge","2010-06-06","2010-06-06","Data from GBIF data index - original values.",2013-05-24,NA,NA,NA,NA,"CA","Ontario. Ottawa, Cyrville, Ken Steele Park., Canada","2010","06","06"
"Frangula alnus",NA,"Canada","Ontario","RUSSELL",NA,45.38,-75.7,NA,NA,"USU","UTC","225641","unknown","S. J. Darbyshire","1992-06-19","1992-06-19","Data from GBIF data index - original values.",2013-05-24,NA,NA,NA,NA,"CA","Ontario, RUSSELL, Canada","1992","06","19"
"Frangula alnus (L.) Mill.","North America","United States","New Hampshire","Carroll Co.","Jackson. Across the road from the Wentworth Inn",44.147,-71.182,NA,NA,"NY","Herbarium","645195","specimen","S. Hunkins","2002-06-19","2002-06-19","Data from GBIF data index - original values.",2013-05-24,NA,NA,NA,NA,"US","Jackson. Across the road from the Wentworth Inn, New Hampshire, Carroll Co., United States, North America","2002","06","19"
"Frangula alnus P. Mill.",NA,"United States","Massachusetts","Barnstable","Marconi Station",41.91388,-69.26611,NA,NA,"UConn","CONN","CONN00130676","specimen","Leslie J. Mehrhoff","2005-06-08","2005-06-08","Data from GBIF data index - original values.",2013-05-24,NA,NA,NA,NA,"US","Marconi Station, Massachusetts, Barnstable, United States","2005","06","08"
"Frangula alnus P. Mill.",NA,"United States","Massachusetts","Essex County","Parker River National Wildlife Refuge, Rowley",42.7425,-70.80833,"5000",NA,"UConn","CONN","CONN00033509","specimen","Leslie J. Mehrhoff","2000-06-28","2000-06-28","Data from GBIF data index - original values.",2013-05-24,NA,NA,NA,NA,"US","Parker River National Wildlife Refuge, Rowley, Massachusetts, Essex County, United States","2000","06","28"
"Frangula alnus P. Mill.",NA,"United States","Connecticut","Tolland County","University of Connecticut",41.80916,-72.25416,"20000",NA,"UConn","CONN","CONN00032594","specimen","Leslie J. Mehrhoff","1998-05-07","1998-05-07","Data from GBIF data index - original values.",2013-05-24,NA,NA,NA,NA,"US","University of Connecticut, Connecticut, Tolland County, United States","1998","05","07"
"Frangula alnus P. Mill.",NA,"United States","Connecticut","Tolland County","University of Connecticut",41.80916,-72.25416,"1",NA,"UConn","CONN","CONN00065582","specimen","Leslie J. Mehrhoff","1991-07-01","1991-07-01","Data from GBIF data index - original values.",2013-05-24,NA,NA,NA,NA,"US","University of Connecticut, Connecticut, Tolland County, United States","1991","07","01"
"Frangula alnus P. Mill.",NA,"United States","Massachusetts","Norfolk County","Quincy",42.22931,-71.03145,"1",NA,"UConn","CONN","CONN00069066","specimen","Leslie J. Mehrhoff","2001-07-26","2001-07-26","Data from GBIF data index - original values.",2013-05-24,NA,NA,NA,NA,"US","Quincy, Massachusetts, Norfolk County, United States","2001","07","26"
"Frangula alnus P. Mill.",NA,"United States","Connecticut","Tolland County","North Eagleville Road",41.80833,-72.25,"5000",NA,"UConn","CONN","CONN00137737","specimen","Leslie J. Mehrhoff","1985-07-01","1985-07-01","Data from GBIF data index - original values.",2013-05-24,NA,NA,NA,NA,"US","North Eagleville Road, Connecticut, Tolland County, United States","1985","07","01"
"Frangula alnus P. Mill.",NA,"United States","Connecticut","Litchfield County","Wood Creek Pond, Norfolk",42.02741,-73.19338,"5000",NA,"UConn","CONN","CONN00130488","specimen","Leslie J. Mehrhoff","1996-07-11","1996-07-11","Data from GBIF data index - original values.",2013-05-24,NA,NA,NA,NA,"US","Wood Creek Pond, Norfolk, Connecticut, Litchfield County, United States","1996","07","11"
"Frangula alnus P. Mill.",NA,"United States","Connecticut","Fairfield County","Shea Island",41.06,-73.40222,"5000",NA,"UConn","CONN","CONN00152798","specimen","Leslie J. Mehrhoff","1984-06-28","1984-06-28","Data from GBIF data index - original values.",2013-05-24,NA,NA,NA,NA,"US","Shea Island, Connecticut, Fairfield County, United States","1984","06","28"
"Frangula alnus P. Mill.",NA,"United States","Massachusettes","Hampshire County","Ware",42.28524,-72.2126,"20000",NA,"UConn","CONN","CONN00069179","specimen","Leslie J. Mehrhoff","2003-08-29","2003-08-29","Data from GBIF data index - original values.",2013-05-24,NA,NA,NA,NA,"US","Ware, Massachusettes, Hampshire County, United States","2003","08","29"
"Frangula alnus P. Mill.",NA,"United States","Connecticut","Tolland County","Spring Manor Farm",41.81111,-72.31194,"5000",NA,"UConn","CONN","CONN00153173","specimen","Leslie J. Mehrhoff","1997-08-10","1997-08-10","Data from GBIF data index - original values.",2013-05-24,NA,NA,NA,NA,"US","Spring Manor Farm, Connecticut, Tolland County, United States","1997","08","10"
"Frangula alnus P. Mill.",NA,"United States","Connecticut","Tolland County","University of Connecticut",41.81672,-72.25631,"5000",NA,"UConn","CONN","CONN00068782","specimen","Leslie J. Mehrhoff","2005-11-05","2005-11-05","Data from GBIF data index - original values.",2013-05-24,NA,NA,NA,NA,"US","University of Connecticut, Connecticut, Tolland County, United States","2005","11","05"
"Frangula alnus P. Mill.",NA,"United States","Massachusetts","Norfolk County","Milton",42.22985,-71.10218,"1",NA,"UConn","CONN","CONN00069340","specimen","Leslie J. Mehrhoff","2001-10-03","2001-10-03","Data from GBIF data index - original values.",2013-05-24,NA,NA,NA,NA,"US","Milton, Massachusetts, Norfolk County, United States","2001","10","03"
"Frangula alnus P. Mill.",NA,"United States","Connecticut","New London County","Stonington",41.365,-71.90722,"4",NA,"UConn","CONN","CONN00148008","specimen","Leslie J. Mehrhoff","1997-07-29","1997-07-29","Data from GBIF data index - original values.",2013-05-24,NA,NA,NA,NA,"US","Stonington, Connecticut, New London County, United States","1997","07","29"
"Frangula alnus P. Mill.",NA,"United States","New York","Suffolk County","Fishers Island",41.27305,-71.98222,"20000",NA,"UConn","CONN","CONN00004221","specimen","Mehrhoff, Leslie John; Sharp, Penni;","1992-09-18","1992-09-18","Data from GBIF data index - original values.",2013-05-24,NA,NA,NA,NA,"US","Fishers Island, New York, Suffolk County, United States","1992","09","18"
"Frangula alnus P. Mill.",NA,"United States","Massachusetts","Barnstable County","East Sandwich, Sandwich",41.74166,-70.45166,"5000",NA,"UConn","CONN","CONN00021996","specimen","H.K. Svenson","1967-10-17","1967-10-17","Data from GBIF data index - original values.",2013-05-24,NA,NA,NA,NA,"US","East Sandwich, Sandwich, Massachusetts, Barnstable County, United States","1967","10","17"
"Frangula alnus P. Mill.",NA,"United States","New York","Westchester County","Westchester County",41.11666,-73.79944,NA,476,"UConn","CONN","CONN00142139","specimen","Leslie J. Mehrhoff","1995-06-27","1995-06-27","Data from GBIF data index - original values.",2013-05-24,"476","476",NA,NA,"US","Westchester County, New York, Westchester County, United States","1995","06","27"
"Frangula alnus P. Mill.",NA,"United States","New Hampshire","Hillsborough County","Nashua",42.768,-71.4919,NA,NA,"UConn","CONN","CONN00048569","specimen","Leslie J. Mehrhoff","2002-10-17","2002-10-17","Data from GBIF data index - original values.",2013-05-24,NA,NA,NA,NA,"US","Nashua, New Hampshire, Hillsborough County, United States","2002","10","17"
"Frangula alnus P. Mill.",NA,"United States","Massachusetts","Hampshire County","Hadley",42.375,-72.57166,"20000",39,"UConn","CONN","CONN00004222","specimen","H.E. Ahles","1978-06-22","1978-06-22","Data from GBIF data index - original values.",2013-05-24,"39","39",NA,NA,"US","Hadley, Massachusetts, Hampshire County, United States","1978","06","22"
"Frangula alnus P. Mill.",NA,"United States","Massachusetts","Hampshire County","Amherst",42.38027,-72.51666,NA,81,"UConn","CONN","CONN00004227","specimen","H.E. Ahles","1980-06-01","1980-06-01","Data from GBIF data index - original values.",2013-05-24,"81","81",NA,NA,"US","Amherst, Massachusetts, Hampshire County, United States","1980","06","01"
"Frangula alnus P. Mill.",NA,"United States","Connecticut","Litchfield County","Sharon",41.86055,-73.44916,NA,NA,"UConn","CONN","CONN00022113","specimen","Nancy Murray","1992-09-23","1992-09-23","Data from GBIF data index - original values.",2013-05-24,NA,NA,NA,NA,"US","Sharon, Connecticut, Litchfield County, United States","1992","09","23"
"Frangula alnus P. Mill.",NA,"United States","New Hampshire","Rockingham County","Rye",43.04852,-70.72646,"20000",NA,"UConn","CONN","CONN00070069","specimen","Leslie J. Mehrhoff","2001-11-27","2001-11-27","Data from GBIF data index - original values.",2013-05-24,NA,NA,NA,NA,"US","Rye, New Hampshire, Rockingham County, United States","2001","11","27"
"Frangula alnus P. Mill.",NA,"United States","Massachusetts","Middlesex County","Concord",42.47694,-71.38277,"5000",NA,"UConn","CONN","CONN00004225","specimen","G.S. Torrey","1959-05-28","1959-05-28","Data from GBIF data index - original values.",2013-05-24,NA,NA,NA,NA,"US","Concord, Massachusetts, Middlesex County, United States","1959","05","28"
"Frangula alnus P. Mill.",NA,"United States","Massachusetts","Worcester County","Gardner",42.575,-71.99805,"5000",NA,"UConn","CONN","CONN00166918","specimen","Best, Conor","2004-10-09","2004-10-09","Data from GBIF data index - original values.",2013-05-24,NA,NA,NA,NA,"US","Gardner, Massachusetts, Worcester County, United States","2004","10","09"
"Frangula alnus P. Mill.",NA,"United States","Connecticut","Fairfield County","Chimon Island, Stewart B. McKinney National Wildlife Refuge",41.06583,-73.39222,"1",NA,"UConn","CONN","CONN00140534","specimen","Leslie J. Mehrhoff","1981-07-14","1981-07-14","Data from GBIF data index - original values.",2013-05-24,NA,NA,NA,NA,"US","Chimon Island, Stewart B. McKinney National Wildlife Refuge, Connecticut, Fairfield County, United States","1981","07","14"
"Frangula alnus P. Mill.",NA,"United States","Connecticut","New Haven County","Mill River",41.31638,-72.90611,"20000",NA,"UConn","CONN","CONN00031924","specimen","Leslie J. Mehrhoff","1999-06-23","1999-06-23","Data from GBIF data index - original values.",2013-05-24,NA,NA,NA,NA,"US","Mill River, Connecticut, New Haven County, United States","1999","06","23"
"Frangula alnus P. Mill.",NA,"United States","Vermont","Windham County","Brattleboro",42.83012,-72.55147,"20000",NA,"UConn","CONN","CONN00069924","specimen","Mehrhoff, Leslie John;","2006-06-14","2006-06-14","Data from GBIF data index - original values.",2013-05-24,NA,NA,NA,NA,"US","Brattleboro, Vermont, Windham County, United States","2006","06","14"
"Frangula alnus P. Mill.",NA,"United States","Massachusetts","Essex County","Ipswich River Wildlife Sanctuary, Topsfield",42.62666,-70.91527,"20000",NA,"UConn","CONN","CONN00031959","specimen","Mehrhoff, Leslie J.; Fisher, E.","1999-06-29","1999-06-29","Data from GBIF data index - original values.",2013-05-24,NA,NA,NA,NA,"US","Ipswich River Wildlife Sanctuary, Topsfield, Massachusetts, Essex County, United States","1999","06","29"
"Frangula alnus P. Mill.",NA,"United States","New Jersey","Middlesex County","New Durham",40.54361,-74.40611,"20000",NA,"UConn","CONN","CONN00077358","specimen",NA,"1894-07-09","1894-07-09","Data from GBIF data index - original values.",2013-05-24,NA,NA,NA,NA,"US","New Durham, New Jersey, Middlesex County, United States","1894","07","09"
"Frangula alnus P. Mill.",NA,"United States","Connecticut","Hartford County","Burlington",41.75861,-72.96,"20000",NA,"UConn","CONN","CONN00141781","specimen","Leslie J. Mehrhoff","1994-07-29","1994-07-29","Data from GBIF data index - original values.",2013-05-24,NA,NA,NA,NA,"US","Burlington, Connecticut, Hartford County, United States","1994","07","29"
"Frangula alnus P. Mill.",NA,"United States","New Hampshire","Carroll County","Camp Ossipee",43.58783,-71.27097,"1",178,"UConn","CONN","CONN00086076","specimen","Robert S. Capers","2009-07-17","2009-07-17","Data from GBIF data index - original values.",2013-05-24,"178","178",NA,NA,"US","Camp Ossipee, New Hampshire, Carroll County, United States","2009","07","17"
"Frangula alnus P. Mill.",NA,"United States","Connecticut","Fairfield County","Westport",41.14138,-73.35777,"5000",9,"UConn","CONN","CONN00152620","specimen","Leslie J. Mehrhoff","1997-07-20","1997-07-20","Data from GBIF data index - original values.",2013-05-24,"9","9",NA,NA,"US","Westport, Connecticut, Fairfield County, United States","1997","07","20"
"Frangula alnus P. Mill.",NA,"United States","Massachusetts","Hampshire County","South Hadley",42.26666,-72.58333,NA,NA,"UConn","CONN","CONN00031899","specimen","Leslie J. Mehrhoff","1999-06-02","1999-06-02","Data from GBIF data index - original values.",2013-05-24,NA,NA,NA,NA,"US","South Hadley, Massachusetts, Hampshire County, United States","1999","06","02"
"Frangula alnus P. Mill.",NA,"United States","New Jersey","Hudson County","Laurel Hill (Snake Hill)",40.76,-74.087,"5000",6,"UConn","CONN","CONN00061720","specimen","Kerry Barringer","2004-06-15","2004-06-15","Data from GBIF data index - original values.",2013-05-24,"6","6",NA,NA,"US","Laurel Hill (Snake Hill), New Jersey, Hudson County, United States","2004","06","15"
"Frangula alnus P. Mill.",NA,"United States","Massachusetts","Essex County","Hamilton",42.62222,-70.85248,NA,NA,"UConn","CONN","CONN00070002","specimen","Leslie J. Mehrhoff","2003-09-09","2003-09-09","Data from GBIF data index - original values.",2013-05-24,NA,NA,NA,NA,"US","Hamilton, Massachusetts, Essex County, United States","2003","09","09"
"Frangula alnus P. Mill.",NA,"United States","New Jersey","Hudson County","Secaucus",40.78111,-74.06472,NA,NA,"UConn","CONN","CONN00004226","specimen","F.F. Blaine","1923-06-18","1923-06-18","Data from GBIF data index - original values.",2013-05-24,NA,NA,NA,NA,"US","Secaucus, New Jersey, Hudson County, United States","1923","06","18"
"Frangula alnus P. Mill.",NA,"United States","Connecticut","Tolland County","University of Connecticut",41.80797,-72.26355,"5000",NA,"UConn","CONN","CONN00128488","specimen","Nicholas P. Tippery","2011-05-25","2011-05-25","Data from GBIF data index - original values.",2013-05-24,NA,NA,NA,NA,"US","University of Connecticut, Connecticut, Tolland County, United States","2011","05","25"
"Frangula alnus P. Mill.",NA,"United States","Maine","York County","York",43.16194,-70.64777,"5000",NA,"UConn","CONN","CONN00152598","specimen","Leslie J. Mehrhoff","1997-07-24","1997-07-24","Data from GBIF data index - original values.",2013-05-24,NA,NA,NA,NA,"US","York, Maine, York County, United States","1997","07","24"
"Frangula alnus P. Mill.",NA,"United States","Maine","Cumberland County","Cumberland",43.76512,-70.20602,NA,NA,"UConn","CONN","CONN00069985","specimen","Leslie J. Mehrhoff","2001-10-18","2001-10-18","Data from GBIF data index - original values.",2013-05-24,NA,NA,NA,NA,"US","Cumberland, Maine, Cumberland County, United States","2001","10","18"
"Frangula alnus P. Mill.",NA,"United States","Connecticut","Fairfield County","Chimon Island, Stewart B. McKinney National Wildlife Refuge",41.06583,-73.39222,"5000",NA,"UConn","CONN","CONN00032212","specimen","Erin R. Andrus","1999-06-30","1999-06-30","Data from GBIF data index - original values.",2013-05-24,NA,NA,NA,NA,"US","Chimon Island, Stewart B. McKinney National Wildlife Refuge, Connecticut, Fairfield County, United States","1999","06","30"
"Frangula alnus P. Mill.",NA,"United States","Connecticut","Fairfield County","Norwalk",41.09388,-73.42027,"5000",NA,"UConn","CONN","CONN00004208","specimen","Ardwin, Margaret; Barrett, Juliana;","1989-08-28","1989-08-28","Data from GBIF data index - original values.",2013-05-24,NA,NA,NA,NA,"US","Norwalk, Connecticut, Fairfield County, United States","1989","08","28"
"Frangula alnus P. Mill.",NA,"United States","Connecticut","Hartford County","Burlington",41.75861,-72.96,"20000",NA,"UConn","CONN","CONN00141782","specimen","Leslie J. Mehrhoff","1994-07-29","1994-07-29","Data from GBIF data index - original values.",2013-05-24,NA,NA,NA,NA,"US","Burlington, Connecticut, Hartford County, United States","1994","07","29"
"Frangula alnus P. Mill.",NA,"United States","Massachusetts","Norfolk County","Milton",42.22708,-71.12926,"1",NA,"UConn","CONN","CONN00130474","specimen","Mehrhoff, Leslie J; Brumback, Bill; Elliman, Ted","2007-06-15","2007-06-15","Data from GBIF data index - original values.",2013-05-24,NA,NA,NA,NA,"US","Milton, Massachusetts, Norfolk County, United States","2007","06","15"
"Frangula alnus P. Mill.",NA,"United States","Massachusetts","Suffolk County","Arnold Arboretum",42.29861,-71.12833,"3",NA,"UConn","CONN","CONN00141023","specimen","Leslie J. Mehrhoff","2008-09-24","2008-09-24","Data from GBIF data index - original values.",2013-05-24,NA,NA,NA,NA,"US","Arnold Arboretum, Massachusetts, Suffolk County, United States","2008","09","24"
"Frangula alnus P. Mill.",NA,"United States","Connecticut","Windham County","Alexander Lake",41.86027,-71.90222,"5000",NA,"UConn","CONN","CONN00161010","specimen","George Knocklein","1999-05-21","1999-05-21","Data from GBIF data index - original values.",2013-05-24,NA,NA,NA,NA,"US","Alexander Lake, Connecticut, Windham County, United States","1999","05","21"
"Frangula alnus P. Mill.",NA,"Canada","Quebec","Laval","Laval des Rapides",45.55,-73.7,"5000",NA,"UConn","CONN","CONN00154761","specimen","Rolland-Germain, F.","1946-05-21","1946-05-21","Data from GBIF data index - original values.",2013-05-24,NA,NA,NA,NA,"CA","Laval des Rapides, Quebec, Laval, Canada","1946","05","21"
"Frangula alnus P. Mill.",NA,"United States","Connecticut","Hartford County","Manchester",41.77527,-72.52472,"5000",NA,"UConn","CONN","CONN00051251","specimen","Christopher T. Martine","2003-05-22","2003-05-22","Data from GBIF data index - original values.",2013-05-24,NA,NA,NA,NA,"US","Manchester, Connecticut, Hartford County, United States","2003","05","22"
"Frangula alnus P. Mill.",NA,"United States","Michigan","Menominee","Houle",45.53333,-87.38333,"5000",228,"UConn","CONN","CONN00154788","specimen","Tom Lammers","2008-08-11","2008-08-11","Data from GBIF data index - original values.",2013-05-24,"228","228",NA,NA,"US","Houle, Michigan, Menominee, United States","2008","08","11"
"Frangula alnus P. Mill.",NA,"United States","Vermont",NA,"Vermont",45.97722,-72.75222,NA,NA,"UConn","CONN","CONN00136967","specimen","Leslie J. Mehrhoff","2006-10-04","2006-10-04","Data from GBIF data index - original values.",2013-05-24,NA,NA,NA,NA,"US","Vermont, Vermont, United States","2006","10","04"
"Frangula alnus P. Mill.",NA,"United States","Massachusetts",NA,"Massachusetts",42.36666,-71.93333,NA,NA,"UConn","CONN","CONN00139799","specimen","Leslie J. Mehrhoff","2004-05-11","2004-05-11","Data from GBIF data index - original values.",2013-05-24,NA,NA,NA,NA,"US","Massachusetts, Massachusetts, United States","2004","05","11"
"Frangula alnus P. Mill.",NA,"United States","Maine","Cumberland County","Westbrook",43.67694,-70.37111,"5000",22,"UConn","CONN","CONN00130005","specimen","Grunden, Barbara","2006-06-17","2006-06-17","Data from GBIF data index - original values.",2013-05-24,"22","22",NA,NA,"US","Westbrook, Maine, Cumberland County, United States","2006","06","17"
"Frangula alnus P. Mill.",NA,"United States","Rhode Island","Kent County","Carbuncle Pond",41.6948,-71.76982,NA,NA,"UConn","CONN","CONN00124867","specimen","Robert S. Capers","2011-05-22","2011-05-22","Data from GBIF data index - original values.",2013-05-24,NA,NA,NA,NA,"US","Carbuncle Pond, Rhode Island, Kent County, United States","2011","05","22"
"Frangula alnus P. Mill.",NA,"United States","New Hampshire","Cheshire County","Westmoreland",43.01822,-72.44463,"5000",NA,"UConn","CONN","CONN00070295","specimen","Mehrhoff, Leslie J; Boufford, David; Brackley, Frankie; Duan, Lihong; Okada, Michiko; Shimizu, Akiko","2003-06-11","2003-06-11","Data from GBIF data index - original values.",2013-05-24,NA,NA,NA,NA,"US","Westmoreland, New Hampshire, Cheshire County, United States","2003","06","11"
"Frangula alnus P. Mill.",NA,"United States","Rhode Island","Kent County","Coventry",41.7,-71.68277,"5000",NA,"UConn","CONN","CONN00141547","specimen","Robert S. Capers","2011-05-30","2011-05-30","Data from GBIF data index - original values.",2013-05-24,NA,NA,NA,NA,"US","Coventry, Rhode Island, Kent County, United States","2011","05","30"
"Frangula alnus P. Mill.",NA,"United States","New Hampshire","Carroll County","Intervale, Conway",44.07416,-71.14055,"20000",NA,"UConn","CONN","CONN00144414","specimen","Elizabeth Corrigan","2000-06-29","2000-06-29","Data from GBIF data index - original values.",2013-05-24,NA,NA,NA,NA,"US","Intervale, Conway, New Hampshire, Carroll County, United States","2000","06","29"
"Frangula alnus P. Mill.",NA,"United States","Connecticut","Fairfield County","Chimon Island, Stewart B. McKinney National Wildlife Refuge",41.06583,-73.39222,"1",NA,"UConn","CONN","CONN00140544","specimen","Leslie J. Mehrhoff","1981-07-14","1981-07-14","Data from GBIF data index - original values.",2013-05-24,NA,NA,NA,NA,"US","Chimon Island, Stewart B. McKinney National Wildlife Refuge, Connecticut, Fairfield County, United States","1981","07","14"
"Frangula alnus P. Mill.",NA,"United States","New Hampshire","Carroll County","Bartlett",44.07944,-71.24444,NA,NA,"UConn","CONN","CONN00148003","specimen","Leslie J. Mehrhoff","1997-08-06","1997-08-06","Data from GBIF data index - original values.",2013-05-24,NA,NA,NA,NA,"US","Bartlett, New Hampshire, Carroll County, United States","1997","08","06"
"Frangula alnus P. Mill.",NA,"United States","Connecticut","New London County","Mystic",41.37197,-71.95059,"20000",NA,"UConn","CONN","CONN00035887","specimen","Mehrhoff, Leslie John; Corrigan, Elizabeth;","2001-05-16","2001-05-16","Data from GBIF data index - original values.",2013-05-24,NA,NA,NA,NA,"US","Mystic, Connecticut, New London County, United States","2001","05","16"
"Frangula alnus P. Mill.",NA,"United States","Connecticut","Fairfield County","Huckleberry Swamp Audubon Preserve, Redding",41.30444,-73.39333,"20000",NA,"UConn","CONN","CONN00004210","specimen","Leslie J. Mehrhoff","1989-06-10","1989-06-10","Data from GBIF data index - original values.",2013-05-24,NA,NA,NA,NA,"US","Huckleberry Swamp Audubon Preserve, Redding, Connecticut, Fairfield County, United States","1989","06","10"
"Frangula alnus P. Mill.",NA,"United States","Vermont","Windham County","Westminster",43.05397,-72.47023,"1",NA,"UConn","CONN","CONN00069058","specimen","Leslie J. Mehrhoff","2001-07-18","2001-07-18","Data from GBIF data index - original values.",2013-05-24,NA,NA,NA,NA,"US","Westminster, Vermont, Windham County, United States","2001","07","18"
"Frangula alnus P. Mill.",NA,"United States","New Jersey","Middlesex County","New Durham",40.54361,-74.40611,"20000",NA,"UConn","CONN","CONN00077359","specimen",NA,"1894-06-20","1894-06-20","Data from GBIF data index - original values.",2013-05-24,NA,NA,NA,NA,"US","New Durham, New Jersey, Middlesex County, United States","1894","06","20"
"Frangula alnus P. Mill.",NA,"United States","Maine","Cumberland County","Freeport",43.83081,-70.16262,"5000",NA,"UConn","CONN","CONN00070168","specimen","Leslie J. Mehrhoff","2002-07-31","2002-07-31","Data from GBIF data index - original values.",2013-05-24,NA,NA,NA,NA,"US","Freeport, Maine, Cumberland County, United States","2002","07","31"
"Frangula alnus P. Mill.",NA,"United States","Massachusetts","Plymouth County","Hingham",42.24166,-70.88972,"5000",4,"UConn","CONN","CONN00023285","specimen","Clarence H. Knowlton","1943-07-27","1943-07-27","Data from GBIF data index - original values.",2013-05-24,"4","4",NA,NA,"US","Hingham, Massachusetts, Plymouth County, United States","1943","07","27"
"Frangula alnus P. Mill.",NA,"United States","Connecticut","Hartford County","75 Lorraine Drive",41.74777,-72.56027,"5000",NA,"UConn","CONN","CONN00045582","specimen","Christopher T. Martine","2002-07-06","2002-07-06","Data from GBIF data index - original values.",2013-05-24,NA,NA,NA,NA,"US","75 Lorraine Drive, Connecticut, Hartford County, United States","2002","07","06"
"Frangula alnus P. Mill.",NA,"United States","Connecticut","Windham County","Quaddick Reservoir",41.94277,-71.82944,"4",NA,"UConn","CONN","CONN00131879","specimen","Leslie J. Mehrhoff","1983-07-16","1983-07-16","Data from GBIF data index - original values.",2013-05-24,NA,NA,NA,NA,"US","Quaddick Reservoir, Connecticut, Windham County, United States","1983","07","16"
"Frangula alnus P. Mill.",NA,"United States","Vermont","Windsor County","Norwich",43.7015,-72.3104,NA,NA,"UConn","CONN","CONN00048638","specimen","Leslie J. Mehrhoff","2002-09-30","2002-09-30","Data from GBIF data index - original values.",2013-05-24,NA,NA,NA,NA,"US","Norwich, Vermont, Windsor County, United States","2002","09","30"
"Frangula alnus P. Mill.",NA,"United States","Massachusetts","Middlesex County","Westford",42.56607,-71.4216,NA,NA,"UConn","CONN","CONN00069915","specimen","Leslie J. Mehrhoff","2001-10-18","2001-10-18","Data from GBIF data index - original values.",2013-05-24,NA,NA,NA,NA,"US","Westford, Massachusetts, Middlesex County, United States","2001","10","18"
"Frangula alnus P. Mill.",NA,"United States","Vermont","Windham County","Brattleboro",42.61916,-72.56635,"20000",NA,"UConn","CONN","CONN00070045","specimen","Leslie J. Mehrhoff","2006-06-14","2006-06-14","Data from GBIF data index - original values.",2013-05-24,NA,NA,NA,NA,"US","Brattleboro, Vermont, Windham County, United States","2006","06","14"
"Frangula alnus P. Mill.",NA,"United States","Vermont",NA,"Vermont",45.97722,-72.75222,NA,NA,"UConn","CONN","CONN00131082","specimen","Leslie J. Mehrhoff","1997-10-18","1997-10-18","Data from GBIF data index - original values.",2013-05-24,NA,NA,NA,NA,"US","Vermont, Vermont, United States","1997","10","18"
"Frangula alnus P. Mill.",NA,"United States","Vermont","Windham County","Rockingham",43.1817,-72.4458,NA,75,"UConn","CONN","CONN00068831","specimen","Leslie J. Mehrhoff","2005-05-12","2005-05-12","Data from GBIF data index - original values.",2013-05-24,"75","75",NA,NA,"US","Rockingham, Vermont, Windham County, United States","2005","05","12"
"Frangula alnus P. Mill.",NA,"Canada","Prince Edward County",NA,"New London",46.46666,-63.51666,"5000",NA,"UConn","CONN","CONN00069086","specimen","Leslie J. Mehrhoff","2002-07-26","2002-07-26","Data from GBIF data index - original values.",2013-05-24,NA,NA,NA,NA,"CA","New London, Prince Edward County, Canada","2002","07","26"
"Frangula alnus P. Mill.",NA,"United States","Wisconsin","Outagamie","Hortonville",44.33472,-88.63805,"5000",NA,"UConn","CONN","CONN00154789","specimen","N.A. Harriman","2004-06-19","2004-06-19","Data from GBIF data index - original values.",2013-05-24,NA,NA,NA,NA,"US","Hortonville, Wisconsin, Outagamie, United States","2004","06","19"
"Frangula alnus P. Mill.",NA,"United States","Connecticut","Hartford County","Batterson Park",41.73833,-72.77944,"20000",NA,"UConn","CONN","CONN00054162","specimen","S.J. Barlow & R.A. Pfeffer","1975-10-09","1975-10-09","Data from GBIF data index - original values.",2013-05-24,NA,NA,NA,NA,"US","Batterson Park, Connecticut, Hartford County, United States","1975","10","09"
"Frangula alnus P. Mill.",NA,"United States","Connecticut","Litchfield County","Pond Hill Pond",41.99027,-73.17472,"1",NA,"UConn","CONN","CONN00152731","specimen","Leslie J. Mehrhoff","1975-07-28","1975-07-28","Data from GBIF data index - original values.",2013-05-24,NA,NA,NA,NA,"US","Pond Hill Pond, Connecticut, Litchfield County, United States","1975","07","28"
"Frangula alnus P. Mill.",NA,"United States","New Hampshire","Grafton County","Lincoln Woods Trail",44.0638,-71.58913,"1",357,"UConn","CONN","CONN00140035","specimen","Robert S. Capers","2011-07-05","2011-07-05","Data from GBIF data index - original values.",2013-05-24,"357","357",NA,NA,"US","Lincoln Woods Trail, New Hampshire, Grafton County, United States","2011","07","05"
"Frangula alnus P. Mill.",NA,"United States","Vermont","Bennington County","Manchester",43.16166,-73.07194,NA,NA,"UConn","CONN","CONN00004220","specimen","Martha A. Porter","1990-06-28","1990-06-28","Data from GBIF data index - original values.",2013-05-24,NA,NA,NA,NA,"US","Manchester, Vermont, Bennington County, United States","1990","06","28"
"Frangula alnus P. Mill.",NA,"United States","Connecticut","Fairfield County","Fairfield, Southport",41.13638,-73.28388,"20000",NA,"UConn","CONN","CONN00004206","specimen","E.H. Eames","1940-09-17","1940-09-17","Data from GBIF data index - original values.",2013-05-24,NA,NA,NA,NA,"US","Fairfield, Southport, Connecticut, Fairfield County, United States","1940","09","17"
"Frangula alnus P. Mill.",NA,"United States","Connecticut","Tolland County","University of Connecticut",41.80916,-72.25416,"5000",NA,"UConn","CONN","CONN00004218","specimen","Diane Carter","1979-09-13","1979-09-13","Data from GBIF data index - original values.",2013-05-24,NA,NA,NA,NA,"US","University of Connecticut, Connecticut, Tolland County, United States","1979","09","13"
"Frangula alnus P. Mill.",NA,"United States","Connecticut","New Haven County","Hubbard Park",41.55361,-72.83555,"5000",NA,"UConn","CONN","CONN00033314","specimen","Mehrhoff, Leslie John; Connecticut Botanical Society;","2000-06-03","2000-06-03","Data from GBIF data index - original values.",2013-05-24,NA,NA,NA,NA,"US","Hubbard Park, Connecticut, New Haven County, United States","2000","06","03"
"Frangula alnus P. Mill.",NA,"United States","Massachusetts","Middlesex County","Chelmsford",42.59972,-71.36722,"5000",NA,"UConn","CONN","CONN00032725","specimen","Leslie J. Mehrhoff","1998-07-27","1998-07-27","Data from GBIF data index - original values.",2013-05-24,NA,NA,NA,NA,"US","Chelmsford, Massachusetts, Middlesex County, United States","1998","07","27"
"Frangula alnus P. Mill.",NA,"United States","Connecticut","Tolland County","Spring Manor Farm",41.81111,-72.31194,"20000",NA,"UConn","CONN","CONN00032504","specimen","Leslie J. Mehrhoff","1999-10-17","1999-10-17","Data from GBIF data index - original values.",2013-05-24,NA,NA,NA,NA,"US","Spring Manor Farm, Connecticut, Tolland County, United States","1999","10","17"
"Frangula alnus P. Mill.",NA,"United States","Connecticut","Hartford County","Manchester",41.77527,-72.52472,NA,NA,"UConn","CONN","CONN00004213","specimen","Leslie J. Mehrhoff","1989-06-30","1989-06-30","Data from GBIF data index - original values.",2013-05-24,NA,NA,NA,NA,"US","Manchester, Connecticut, Hartford County, United States","1989","06","30"
"Frangula alnus P. Mill.",NA,"United States","Connecticut","Hartford County","Laurel Marsh Hiking Trail, Manchester",41.77944,-72.56611,"5000",NA,"UConn","CONN","CONN00051709","specimen","Christopher T. Martine","2003-07-11","2003-07-11","Data from GBIF data index - original values.",2013-05-24,NA,NA,NA,NA,"US","Laurel Marsh Hiking Trail, Manchester, Connecticut, Hartford County, United States","2003","07","11"
"Frangula alnus P. Mill.",NA,"United States","New Hampshire","Cheshire County","Connecticut River Flood Plain, Walpole",43.1278,-72.43895,NA,NA,"UConn","CONN","CONN00070287","specimen","Mehrhoff, Leslie J; Boufford, David; Brackley, Frankie; Duan, Lihong; Okada, Michiko; Shimizu, Akiko","2003-06-11","2003-06-11","Data from GBIF data index - original values.",2013-05-24,NA,NA,NA,NA,"US","Connecticut River Flood Plain, Walpole, New Hampshire, Cheshire County, United States","2003","06","11"
"Frangula alnus P. Mill.",NA,"United States","Maine","York County","Kittery",43.08833,-70.73611,"5000",NA,"UConn","CONN","CONN00152700","specimen","Leslie J. Mehrhoff","1995-07-21","1995-07-21","Data from GBIF data index - original values.",2013-05-24,NA,NA,NA,NA,"US","Kittery, Maine, York County, United States","1995","07","21"
"Frangula alnus P. Mill.",NA,"United States","Connecticut","Fairfield County","Redding",41.30444,-73.39333,NA,NA,"UConn","CONN","CONN00004209","specimen","Eames, Edwin Hubert; Starr, William I.","1928-06-27","1928-06-27","Data from GBIF data index - original values.",2013-05-24,NA,NA,NA,NA,"US","Redding, Connecticut, Fairfield County, United States","1928","06","27"
"Frangula alnus P. Mill.",NA,"United States","Connecticut","Hartford County","Keney Park",41.80222,-72.66611,"20000",NA,"UConn","CONN","CONN00031922","specimen","Mehrhoff, Leslie John; Lewis, Paul O.","1999-06-12","1999-06-12","Data from GBIF data index - original values.",2013-05-24,NA,NA,NA,NA,"US","Keney Park, Connecticut, Hartford County, United States","1999","06","12"
"Frangula alnus P. Mill.",NA,"United States","Connecticut","Fairfield County","Fairfield",41.17583,-73.2725,NA,NA,"UConn","CONN","CONN00004207","specimen","E.H. Eames","1947-09-30","1947-09-30","Data from GBIF data index - original values.",2013-05-24,NA,NA,NA,NA,"US","Fairfield, Connecticut, Fairfield County, United States","1947","09","30"
"Frangula alnus P. Mill.",NA,"United States","Maine","Cumberland County","Stroudwater River",43.65611,-70.30833,"5000",NA,"UConn","CONN","CONN00131094","specimen","Grunden, Barbara","2006-09-07","2006-09-07","Data from GBIF data index - original values.",2013-05-24,"0","0",NA,NA,"US","Stroudwater River, Maine, Cumberland County, United States","2006","09","07"
"Frangula alnus P. Mill.",NA,"United States","Connecticut","Litchfield County","Great Mountain Forest, Norfolk",41.96833,-73.225,"20000",NA,"UConn","CONN","CONN00004215","specimen","Leslie J. Mehrhoff","1990-06-30","1990-06-30","Data from GBIF data index - original values.",2013-05-24,NA,NA,NA,NA,"US","Great Mountain Forest, Norfolk, Connecticut, Litchfield County, United States","1990","06","30"
"Frangula alnus P. Mill.",NA,"United States","Massachusetts","Middlesex County","Hanscom Field Industrial Park, Concord",42.46638,-71.28972,"20000",NA,"UConn","CONN","CONN00033620","specimen","Leslie J. Mehrhoff","2000-06-09","2000-06-09","Data from GBIF data index - original values.",2013-05-24,NA,NA,NA,NA,"US","Hanscom Field Industrial Park, Concord, Massachusetts, Middlesex County, United States","2000","06","09"
"Frangula alnus P. Mill.",NA,"United States","Connecticut","Hartford County","Salters Pond, ravine below dam, Manchester",41.79527,-72.50388,"5000",NA,"UConn","CONN","CONN00051533","specimen","Christopher T. Martine","2002-05-12","2002-05-12","Data from GBIF data index - original values.",2013-05-24,NA,NA,NA,NA,"US","Salters Pond, ravine below dam, Manchester, Connecticut, Hartford County, United States","2002","05","12"
"Frangula alnus P. Mill.",NA,"United States","Connecticut","Fairfield County","Great Swamp",41.28972,-73.48472,"2",NA,"UConn","CONN","CONN00004211","specimen","Leslie J. Mehrhoff","1989-06-10","1989-06-10","Data from GBIF data index - original values.",2013-05-24,NA,NA,NA,NA,"US","Great Swamp, Connecticut, Fairfield County, United States","1989","06","10"
"Frangula alnus P. Mill.",NA,"United States","Vermont","Windham County","Putney",42.99138,-72.53,NA,NA,"UConn","CONN","CONN00032621","specimen","Leslie J. Mehrhoff","1998-06-18","1998-06-18","Data from GBIF data index - original values.",2013-05-24,NA,NA,NA,NA,"US","Putney, Vermont, Windham County, United States","1998","06","18"
"Frangula alnus P. Mill.",NA,"United States","Connecticut","New London County","Barn Island Wildlife Management Area",41.33972,-71.8775,"5000",NA,"UConn","CONN","CONN00004216","specimen","Gordon C. Tucker","1975-06-25","1975-06-25","Data from GBIF data index - original values.",2013-05-24,NA,NA,NA,NA,"US","Barn Island Wildlife Management Area, Connecticut, New London County, United States","1975","06","25"
"Frangula alnus P. Mill.",NA,"United States","Connecticut","Fairfield County","Huckleberry Swamp Audubon Preserve, Redding",41.30444,-73.39333,"20000",NA,"UConn","CONN","CONN00135828","specimen","Leslie J. Mehrhoff","1984-06-08","1984-06-08","Data from GBIF data index - original values.",2013-05-24,NA,NA,NA,NA,"US","Huckleberry Swamp Audubon Preserve, Redding, Connecticut, Fairfield County, United States","1984","06","08"
"Frangula alnus P. Mill.",NA,"United States","New Hampshire","Rockingham County","Salem",42.79083,-71.22194,"5000",NA,"UConn","CONN","CONN00031935","specimen","Leslie J. Mehrhoff","1999-06-29","1999-06-29","Data from GBIF data index - original values.",2013-05-24,NA,NA,NA,NA,"US","Salem, New Hampshire, Rockingham County, United States","1999","06","29"
"Frangula alnus P. Mill.",NA,"United States","Massachusetts","Suffolk County","Arnold Arboretum",42.29861,-71.12833,"3",NA,"UConn","CONN","CONN00154698","specimen","Leslie J. Mehrhoff","2008-05-22","2008-05-22","Data from GBIF data index - original values.",2013-05-24,NA,NA,NA,NA,"US","Arnold Arboretum, Massachusetts, Suffolk County, United States","2008","05","22"
"Frangula alnus P. Mill.",NA,"United States","Connecticut","Fairfield County","Ridgefield",41.25222,-73.50083,"5000",216,"UConn","CONN","CONN00040819","specimen","Steve Glenn","1995-07-11","1995-07-11","Data from GBIF data index - original values.",2013-05-24,"216","216",NA,NA,"US","Ridgefield, Connecticut, Fairfield County, United States","1995","07","11"
"Frangula alnus P. Mill.",NA,"United States","Massachusetts","Essex County","South Lynnfield, Lynnfield",42.51666,-71.00194,"20000",NA,"UConn","CONN","CONN00021364","specimen","Harrington, W.; Nickerson, N.","1980-06-17","1980-06-17","Data from GBIF data index - original values.",2013-05-24,NA,NA,NA,NA,"US","South Lynnfield, Lynnfield, Massachusetts, Essex County, United States","1980","06","17"
"Frangula alnus P. Mill.",NA,"United States","Connecticut","Windham County","Natchaug State Forest",41.87916,-72.18833,"5000",NA,"UConn","CONN","CONN00032622","specimen","Mehrhoff, Leslie John; Corrigan, Elizabeth;","1998-06-17","1998-06-17","Data from GBIF data index - original values.",2013-05-24,NA,NA,NA,NA,"US","Natchaug State Forest, Connecticut, Windham County, United States","1998","06","17"
"Frangula alnus P. Mill.",NA,"United States","Massachusetts","Middlesex County","Groton",42.6273,-71.5871,"1",NA,"UConn","CONN","CONN00069352","specimen","Leslie J. Mehrhoff","2001-09-26","2001-09-26","Data from GBIF data index - original values.",2013-05-24,NA,NA,NA,NA,"US","Groton, Massachusetts, Middlesex County, United States","2001","09","26"
"Frangula alnus P. Mill.",NA,"United States","Connecticut","Litchfield County","Robbins Swamp",41.9925,-73.3425,"5000",NA,"UConn","CONN","CONN00137465","specimen","Leslie J. Mehrhoff","1984-06-19","1984-06-19","Data from GBIF data index - original values.",2013-05-24,NA,NA,NA,NA,"US","Robbins Swamp, Connecticut, Litchfield County, United States","1984","06","19"
"Frangula alnus P. Mill.",NA,"United States","Connecticut","Fairfield County","Lordship, Stratford",41.15388,-73.1125,"20000",3,"UConn","CONN","CONN00040821","specimen","Steve Glenn","1995-06-08","1995-06-08","Data from GBIF data index - original values.",2013-05-24,"3","3",NA,NA,"US","Lordship, Stratford, Connecticut, Fairfield County, United States","1995","06","08"
"Frangula alnus P. Mill.",NA,"United States","Maine","Hancock County","Mount Desert Island",44.34083,-68.32361,"5000",NA,"UConn","CONN","CONN00145829","specimen","Leslie J. Mehrhoff","1997-07-08","1997-07-08","Data from GBIF data index - original values.",2013-05-24,NA,NA,NA,NA,"US","Mount Desert Island, Maine, Hancock County, United States","1997","07","08"
"Frangula alnus P. Mill.",NA,"United States","Connecticut","Tolland County","University of Connecticut",41.80916,-72.25416,"5000",NA,"UConn","CONN","CONN00004217","specimen","Kerry Barringer","1979-06-01","1979-06-01","Data from GBIF data index - original values.",2013-05-24,NA,NA,NA,NA,"US","University of Connecticut, Connecticut, Tolland County, United States","1979","06","01"
"Frangula alnus P. Mill.",NA,"United States","Connecticut","Fairfield County","Stamford",41.09666,-73.55277,NA,NA,"UConn","CONN","CONN00004212","specimen","Leslie J. Mehrhoff","1989-08-20","1989-08-20","Data from GBIF data index - original values.",2013-05-24,NA,NA,NA,NA,"US","Stamford, Connecticut, Fairfield County, United States","1989","08","20"
"Frangula alnus P. Mill.",NA,"United States","Massachusetts","Middlesex County","Minuteman National Historic Park, Lincoln",42.4492,-71.2796,NA,NA,"UConn","CONN","CONN00049730","specimen","Leslie J. Mehrhoff","2002-05-23","2002-05-23","Data from GBIF data index - original values.",2013-05-24,NA,NA,NA,NA,"US","Minuteman National Historic Park, Lincoln, Massachusetts, Middlesex County, United States","2002","05","23"
"Frangula alnus P. Mill.",NA,"United States","Connecticut","Windham County","Pomfret",41.86333,-71.98444,"5000",NA,"UConn","CONN","CONN00032632","specimen","Leslie J. Mehrhoff","1998-06-02","1998-06-02","Data from GBIF data index - original values.",2013-05-24,NA,NA,NA,NA,"US","Pomfret, Connecticut, Windham County, United States","1998","06","02"
"Frangula alnus P. Mill.",NA,"United States","Maine","York County","Kittery",43.12906,-70.71778,NA,NA,"UConn","CONN","CONN00069989","specimen","Leslie J. Mehrhoff","2001-10-18","2001-10-18","Data from GBIF data index - original values.",2013-05-24,NA,NA,NA,NA,"US","Kittery, Maine, York County, United States","2001","10","18"
"Frangula alnus P. Mill.",NA,"United States","New Hampshire","Rockingham County","Seabrook",42.88722,-70.86138,"20000",NA,"UConn","CONN","CONN00040809","specimen","Leslie J. Mehrhoff","2000-07-17","2000-07-17","Data from GBIF data index - original values.",2013-05-24,NA,NA,NA,NA,"US","Seabrook, New Hampshire, Rockingham County, United States","2000","07","17"
"Frangula alnus P. Mill.",NA,"United States","Connecticut","Litchfield County","Sharon",41.86055,-73.44916,"5000",NA,"UConn","CONN","CONN00040812","specimen","Leslie J. Mehrhoff & Elizabeth Corrigan","2001-06-13","2001-06-13","Data from GBIF data index - original values.",2013-05-24,NA,NA,NA,NA,"US","Sharon, Connecticut, Litchfield County, United States","2001","06","13"
"Frangula alnus P. Mill.",NA,"United States","Connecticut","Litchfield County","Norfolk",41.98361,-73.19694,"20000",NA,"UConn","CONN","CONN00004214","specimen","Lichtenstein, Nina B.;","1990-06-30","1990-06-30","Data from GBIF data index - original values.",2013-05-24,NA,NA,NA,NA,"US","Norfolk, Connecticut, Litchfield County, United States","1990","06","30"
"Frangula alnus P. Mill.",NA,"United States","Massachusetts","Hampshire County","Hadley",42.36049,-72.55017,NA,NA,"UConn","CONN","CONN00070181","specimen","Leslie J. Mehrhoff","2006-07-07","2006-07-07","Data from GBIF data index - original values.",2013-05-24,NA,NA,NA,NA,"US","Hadley, Massachusetts, Hampshire County, United States","2006","07","07"
"Frangula alnus P. Mill.",NA,"United States","Massachusetts","Hampshire County","Amherst",42.41361,-72.52305,"5000",81,"UConn","CONN","CONN00131109","specimen","Leslie J. Mehrhoff","2001-08-29","2001-08-29","Data from GBIF data index - original values.",2013-05-24,"81","81",NA,NA,"US","Amherst, Massachusetts, Hampshire County, United States","2001","08","29"
"Frangula alnus P. Mill.",NA,"United States","Vermont","Bennington County","Bennington",42.87805,-73.19666,"20000",NA,"UConn","CONN","CONN00141113","specimen","Leslie J. Mehrhoff","1996-09-13","1996-09-13","Data from GBIF data index - original values.",2013-05-24,NA,NA,NA,NA,"US","Bennington, Vermont, Bennington County, United States","1996","09","13"
"Frangula alnus P. Mill.",NA,"United States","Maine","Cumberland County","Freeport",43.85694,-70.10305,"5000",NA,"UConn","CONN","CONN00152337","specimen","Leslie J. Mehrhoff","1996-07-19","1996-07-19","Data from GBIF data index - original values.",2013-05-24,NA,NA,NA,NA,"US","Freeport, Maine, Cumberland County, United States","1996","07","19"
"Frangula alnus P. Mill.",NA,"United States","Vermont","Windsor County","Norwich",43.7015,-72.3104,NA,NA,"UConn","CONN","CONN00143689","specimen","Leslie J. Mehrhoff","2002-09-30","2002-09-30","Data from GBIF data index - original values.",2013-05-24,NA,NA,NA,NA,"US","Norwich, Vermont, Windsor County, United States","2002","09","30"
"Frangula alnus P. Miller","North America","Canada","Québec","Brome-Missisquoi","Farham; futur contournement de Farnham",45.298557,-72.961586,NA,NA,"Université de Montréal Biodiversity Centre","MT","MT00025034","specimen","Claude, Ginette","2008-08-14","2008-08-14","Data from GBIF data index - original values.",2013-05-24,NA,NA,NA,NA,"CA","Farham; futur contournement de Farnham, Québec, Brome-Missisquoi, Canada, North America","2008","08","14"
